ID number,radius mean,texture mean,perimeter mean,area mean,smoothness mean,compactness mean,concavity mean,concave points mean,symmetry mean,fractal dimension mean,radius se,texture se,perimeter mean.1,area se,smoothness se,compactness se,concavity se,concave points se,symmetry se,fractal dimension se,radius worst,texture worst,perimeter worst,area worst,smoothness worstse,compactness worst,concavity worst,concave points worst,symmetry worst,fractal dimension worst
842302,17.99,10.38,122.8,1001.0,0.1184,0.2776,0.3001,0.1471,0.2419,0.07871,1.095,0.9053,8.589,153.4,0.006399,0.04904,0.05373,0.01587,0.03003,0.006193,25.38,17.33,184.6,2019.0,0.1622,0.6656,0.7119,0.2654,0.4601,0.1189
8510426,13.54,14.36,87.46,566.3,0.09779,0.08129,0.06664,0.04781,0.1885,0.05766,0.2699,0.7886,2.058,23.56,0.008462,0.0146,0.02387,0.01315,0.0198,0.0023,15.11,19.26,99.7,711.2,0.144,0.1773,0.239,0.1288,0.2977,0.07259
8510653,13.08,15.71,85.63,520.0,0.1075,0.127,0.04568,0.0311,0.1967,0.06811,0.1852,0.7477,1.383,14.67,0.004097,0.01898,0.01698,0.00649,0.01678,0.002425,14.5,20.49,96.09,630.5,0.1312,0.2776,0.189,0.07283,0.3184,0.08183
8510824,9.504,12.44,60.34,273.9,0.1024,0.06492,0.02956,0.02076,0.1815,0.06905,0.2773,0.9768,1.909,15.7,0.009606,0.01432,0.01985,0.01421,0.02027,0.002968,10.23,15.66,65.13,314.9,0.1324,0.1148,0.08867,0.06227,0.245,0.07773
859487,12.78,16.49,81.37,502.5,0.09831,0.05234,0.03653,0.02864,0.159,0.05653,0.2368,0.8732,1.471,18.33,0.007962,0.005612,0.01585,0.008662,0.02254,0.001906,13.46,19.76,85.67,554.9,0.1296,0.07061,0.1039,0.05882,0.2383,0.0641
